{"cameraMode":{"drawMode":0,"name":"Shaded","section":"Shading Mode"},"sceneLighting":true,"audioPlay":false,"sceneViewState":{"showFog":true,"showMaterialUpdate":false,"showSkybox":true,"showFlares":true,"showImageEffects":true,"showParticleSystems":true},"in2DMode":false,"pivot":{"x":-2.7533013820648195,"y":2.905407428741455,"z":-11.303040504455567},"rotation":{"x":0.012825979851186276,"y":0.986690104007721,"z":0.09800338745117188,"w":-0.12920339405536652},"size":6.433825492858887,"orthographic":false}