{"cameraMode":{"drawMode":0,"name":"Shaded","section":"Shading Mode"},"sceneLighting":false,"audioPlay":false,"sceneViewState":{"showFog":true,"showMaterialUpdate":false,"showSkybox":false,"showFlares":true,"showImageEffects":true,"showParticleSystems":true},"in2DMode":false,"pivot":{"x":-0.3816295862197876,"y":1.4768385887145997,"z":-1.563529133796692},"rotation":{"x":0.06436148285865784,"y":0.05567488446831703,"z":-0.0035414835438132288,"w":0.9963947534561157},"size":0.6439301371574402,"orthographic":false}