{"cameraMode":{"drawMode":0,"name":"Shaded","section":"Shading Mode"},"sceneLighting":false,"audioPlay":false,"sceneViewState":{"showFog":true,"showMaterialUpdate":false,"showSkybox":false,"showFlares":true,"showImageEffects":true,"showParticleSystems":true},"in2DMode":false,"pivot":{"x":3.7450199127197267,"y":4.5000200271606449,"z":6.6300201416015629},"rotation":{"x":0.06436148285865784,"y":0.05567488446831703,"z":-0.0035414835438132288,"w":0.9963947534561157},"size":4.149750232696533,"orthographic":false}