{"cameraMode":{"drawMode":0,"name":"Shaded","section":"Shading Mode"},"sceneLighting":true,"audioPlay":false,"sceneViewState":{"showFog":true,"showMaterialUpdate":false,"showSkybox":true,"showFlares":true,"showImageEffects":true,"showParticleSystems":true},"in2DMode":false,"pivot":{"x":0.12056654691696167,"y":0.8574854731559753,"z":-0.9260796308517456},"rotation":{"x":0.07345234602689743,"y":0.9079222083091736,"z":-0.37163037061691286,"w":0.1796291619539261},"size":1.0987462997436524,"orthographic":false}