{"cameraMode":{"drawMode":0,"name":"Shaded","section":"Shading Mode"},"sceneLighting":false,"audioPlay":false,"sceneViewState":{"showFog":true,"showMaterialUpdate":false,"showSkybox":false,"showFlares":true,"showImageEffects":true,"showParticleSystems":true},"in2DMode":false,"pivot":{"x":-2.879690408706665,"y":1.4359291791915894,"z":-3.794325351715088},"rotation":{"x":0.0981985330581665,"y":-0.9016143679618836,"z":0.2878178656101227,"w":0.3076123893260956},"size":1.9229003190994263,"orthographic":false}