{"cameraMode":{"drawMode":0,"name":"Shaded","section":"Shading Mode"},"sceneLighting":false,"audioPlay":false,"sceneViewState":{"showFog":true,"showMaterialUpdate":false,"showSkybox":false,"showFlares":true,"showImageEffects":true,"showParticleSystems":true},"in2DMode":false,"pivot":{"x":-1.899571418762207,"y":1.1544582843780518,"z":-0.9239452481269836},"rotation":{"x":0.00277656689286232,"y":-0.9899060130119324,"z":0.14050935208797456,"w":0.019600002095103265},"size":3.6883726119995119,"orthographic":false}